<?xml version="1.0" encoding="UTF-8" ?>
<!DOCTYPE mapper
 PUBLIC "-//mybatis.org//DTD Mapper 3.0//EN"
 "http://mybatis.org/dtd/mybatis-3-mapper.dtd">
 <!-- 多对一的映射 -->
<mapper namespace="com.tl666.domain.StudentMapper">
	<select id="getAllStudent" resultMap="StudentTeacher">
	select * from student1
	</select>
	<resultMap type="Student1" id="StudentTeacher">
	<association property="teacher" column="tid" javaType="Teacher" select="getTeacher">
	</association>
	</resultMap>
	<!-- 下面这个可以换成另外一个xml文件 但上面的select 要加全限定名 -->
	<select id="getTeacher" resultType="Teacher">
	select * from teacher where id = #{id}
	</select>
</mapper>
<!-- 延迟加载 提高数据库的性能 mybatis默认是关闭延迟加载的 需要去主配置文件中的settting标签中设置 只有resultMap才具有延迟加载功能 
	<select id="selectTeacherStudentLazyLoding"
		resultMap="TeacherStudentLazyLoding">
		select * from teacher
	</select>
	<resultMap type="com.tl666.pojo.Teacher"
		id="TeacherStudentLazyLoding">
		<id column="id" property="id" />
		<result column="name" property="name" />
		<collection property="student" select="getStudent" javaType="com.tl666.pojo.Student" column="id">
			<id column="id" property="id" />
			<result column="name" property="name" />
			<result column="tid" property="tid" />
		</collection>
	</resultMap>
	<select id="getStudent" parameterType="int" resultType="com.tl666.pojo.Student">
	select * from student where tid = #{id}
	</select>-->
<!-- 一对多的映射  
<mapper namespace="com.tl666.domain.TeacherMapper">
	<select id="getAllTeacher" resultMap="TeacherStudent">
	select * from Teacher where id = #{id}
	</select>
	<resultMap type="Teacher" id="TeacherStudent">
	<collection property="student" javaType="ArrayList" ofType="Student" column="id"
	select="getStudent"></collection>
	</resultMap>
	<select id="getStudent" resultType="Teacher">
	select * from teacher where tid = #{id}
	</select>
</mapper>
-->