<?xml version="1.0" encoding="UTF-8" ?>
<!DOCTYPE configuration
 PUBLIC "-//mybatis.org//DTD Config 3.0//EN"
 "http://mybatis.org/dtd/mybatis-3-config.dtd">
<configuration>
<settings>
     <!--开启延迟加载-->
     <setting name="lazyLoadingEnabled" value="true"/>
     <!--关闭积极加载-->
     <setting name="aggressiveLazyLoading" value="false"/>
 </settings>
	<!-- 简化mapping 引用 起别名 -->
	<typeAliases>
	<!-- 为整个包起别名  默认别名为类名 -->
	<package name="com.tl666.domain"/>
	</typeAliases>
	<environments default="development">
		<environment id="development">
			<transactionManager type="JDBC" />
			<dataSource type="POOLED">
				<property name="driver" value="com.mysql.jdbc.Driver" />
				<property name="url"
					value="jdbc:mysql://localhost:3306/mybatis?characterEncoding=utf-8" />
				<property name="username" value="root" />
				<property name="password" value="tl19980504" />
			</dataSource>
		</environment>
	</environments>
	<mappers>
		<mapper resource="com/tl666/domain/student.mapping.xml" />
	</mappers>
</configuration>